full_name,motivo
meta-pytorch/opacus,menos_de_5_releases
mitesh77/Best-Flutter-UI-Templates,menos_de_5_releases
skywind3000/asyncrun.vim,sem_actions
TencentCloudADP/youtu-agent,menos_de_5_releases
mattermost-community/focalboard,menos_de_5_releases
troxler/awesome-css-frameworks,sem_actions
bggRGjQaUbCoE/PiliPlus,menos_de_50_runs_validos
meituan-longcat/LongCat-Video,menos_de_5_releases
KlingAIResearch/LivePortrait,sem_actions
GiovineItalia/Gadfly.jl,menos_de_5_releases
KEV0143/Parser-Chitai-Gorod,sem_actions
fritzing/fritzing-app,sem_actions
google/leveldb,menos_de_5_releases
HavocFramework/Havoc,sem_actions
jquense/yup,menos_de_5_releases
op7418/Humanizer-zh,sem_actions
lvgl/lvgl,menos_de_5_releases
dynamicslab/pysindy,menos_de_5_releases
dmmulroy/better-result,menos_de_50_runs_validos
wesbos/JavaScript30,sem_actions
OI-wiki/OI-wiki,menos_de_5_releases
the1812/Bilibili-Evolved,menos_de_50_runs_validos
PhilJay/MPAndroidChart,menos_de_5_releases
itext/itext-dotnet,menos_de_50_runs_validos
i12bp8/TagTinker,menos_de_5_releases
get-convex/chef,menos_de_5_releases
linlinjava/litemall,menos_de_5_releases
agent0ai/agent-zero,menos_de_50_runs_validos
academicpages/academicpages.github.io,menos_de_5_releases
hashicorp/consul-template,menos_de_50_runs_validos
AllenDowney/ThinkDSP,menos_de_5_releases
VREMSoftwareDevelopment/WiFiAnalyzer,menos_de_5_releases
JedWatson/react-select,menos_de_5_releases
crystian/ComfyUI-Crystools,menos_de_5_releases
xiaoyaDev/xiaoya-alist,menos_de_5_releases
audreyfeldroy/cookiecutter-pypackage,menos_de_5_releases
leaningtech/webvm,menos_de_5_releases
carlrobertoh/ProxyAI,menos_de_5_releases
MahApps/MahApps.Metro.IconPacks,menos_de_5_releases
searchkit/searchkit,menos_de_5_releases
rosedblabs/rosedb,menos_de_5_releases
dcajasn/Riskfolio-Lib,menos_de_5_releases
Fosowl/agenticSeek,menos_de_5_releases
apple-aiml-research/ml-cvnets,sem_actions
pcccccc/AngelLive,menos_de_5_releases
assafelovic/gpt-researcher,menos_de_50_runs_validos
gyroflow/gyroflow,menos_de_5_releases
bepass-org/oblivion-desktop,menos_de_5_releases
xtermjs/xterm.js,menos_de_5_releases
goq/telegram-list,sem_actions
MichaelAquilina/zsh-you-should-use,menos_de_5_releases
apache/rocketmq,menos_de_5_releases
stonith404/pingvin-share,menos_de_5_releases
gokcehan/lf,menos_de_5_releases
xuanyustudio/LocalMiniDrama,menos_de_50_runs_validos
cnlimiter/codex-manager,menos_de_50_runs_validos
ThePrimeagen/harpoon,menos_de_5_releases
sudheerj/angular-interview-questions,menos_de_5_releases
amperser/proselint,menos_de_5_releases
Lordog/dive-into-llms,sem_actions
yzhao062/anomaly-detection-resources,sem_actions
brick/money,menos_de_50_runs_validos
Atmosphere-NX/Atmosphere,sem_actions
showlab/ShowUI,sem_actions
mailru/easyjson,menos_de_5_releases
w-okada/voice-changer,menos_de_5_releases
dromara/Sa-Token,menos_de_5_releases
mdx-js/mdx,menos_de_5_releases
RedPlanetHQ/core,menos_de_50_runs_validos
inkle/ink,sem_actions
endroid/qr-code,menos_de_5_releases
dfunckt/django-rules,menos_de_5_releases
cruip/open-react-template,sem_actions
githubnext/monaspace,menos_de_5_releases
facebookincubator/fastmod,menos_de_5_releases
Loyalsoldier/v2ray-rules-dat,menos_de_50_runs_validos
poteto/hiring-without-whiteboards,menos_de_5_releases
simplezhli/flutter_deer,menos_de_5_releases
openfaas/faas,menos_de_5_releases
faif/python-patterns,menos_de_5_releases
wysaid/android-gpuimage-plus,menos_de_5_releases
campfirein/byterover-cli,menos_de_50_runs_validos
marcobambini/gravity,menos_de_50_runs_validos
chipsalliance/verible,menos_de_50_runs_validos
tailwindlabs/headlessui,menos_de_5_releases
shieldfy/API-Security-Checklist,sem_actions
neondatabase/neon,menos_de_5_releases
archlinuxcn/repo,menos_de_5_releases
AlmasB/FXGL,menos_de_5_releases
Hello-Mr-Crab/pywechat,menos_de_5_releases
gejun123456/MyBatisCodeHelper-Pro,menos_de_5_releases
kaixindelele/ChatPaper,menos_de_5_releases
zhongyang219/TrafficMonitor,menos_de_5_releases
mherrmann/helium,menos_de_50_runs_validos
limbopro/Adblock4limbo,sem_actions
img2threejs/img2threejs,menos_de_50_runs_validos
SeekStorm/SeekStorm,sem_actions
code-charity/youtube,menos_de_5_releases
OpenZeppelin/openzeppelin-contracts,menos_de_5_releases
gyscos/cursive,menos_de_5_releases
benjitaylor/agentation,menos_de_5_releases
moshstudio/TAICHI-flet,sem_actions
withmarbleapp/os-taxonomy,sem_actions
xai-org/grok-prompts,sem_actions
gsamokovarov/jump,menos_de_5_releases
initialcommit-com/git-sim,sem_actions
openjournals/joss,menos_de_5_releases
NVIDIA-Omniverse/PhysX,menos_de_50_runs_validos
Hack-with-Github/Awesome-Hacking,menos_de_5_releases
aristocratos/btop,menos_de_5_releases
lichess-org/lila,menos_de_5_releases
AykutSarac/jsoncrack.com,menos_de_5_releases
jynew/jynew,sem_actions
coaidev/coai,menos_de_5_releases
songquanpeng/one-api,menos_de_5_releases
donnemartin/system-design-primer,menos_de_5_releases
mdbootstrap/mdb-ui-kit,menos_de_5_releases
Homebrew/homebrew-cask,menos_de_5_releases
mvschwarz/openrig,menos_de_50_runs_validos
sqlectron/sqlectron,menos_de_5_releases
ohmyzsh/ohmyzsh,menos_de_5_releases
papermark/papermark,menos_de_5_releases
yetone/native-feel-skill,sem_actions
unrolled/render,menos_de_5_releases
enhancedformysql/The-Art-of-Problem-Solving-in-Software-Engineering_How-to-Make-MySQL-Better,menos_de_5_releases
forloopcodes/contextplus,menos_de_5_releases
maguowei/starred,menos_de_5_releases
lucaslorentz/caddy-docker-proxy,menos_de_50_runs_validos
dromara/forest,menos_de_5_releases
graphdeco-inria/gaussian-splatting,sem_actions
alibaba/ice,menos_de_5_releases
nunomaduro/collision,menos_de_5_releases
ccxt/go-binance,menos_de_50_runs_validos
microsoft/generative-ai-for-beginners,menos_de_5_releases
ramda/ramda,menos_de_5_releases
ngosang/trackerslist,menos_de_5_releases
redwoodjs/graphql,menos_de_5_releases
lewagon/dotfiles,menos_de_5_releases
visual-layer/fastdup,menos_de_5_releases
linebender/druid,menos_de_5_releases
google/ExoPlayer,sem_actions
HKUDS/AI-Trader,menos_de_5_releases
EnzeD/vibe-coding,sem_actions
filipdutescu/modern-cpp-template,menos_de_5_releases
deviantony/docker-elk,menos_de_5_releases
0xAX/linux-insides,menos_de_5_releases
hemanth/awesome-pwa,menos_de_5_releases
hiddify/hiddify-app,menos_de_5_releases
xianyu110/awesome-openclaw-tutorial,menos_de_5_releases
saulpw/visidata,menos_de_5_releases
junegunn/vim-plug,menos_de_5_releases
deuxfleurs-org/garage,sem_actions
reagent-project/reagent,menos_de_5_releases
influxdata/influxdb,menos_de_50_runs_validos
microsoft/PowerBI-Developer-Samples,menos_de_5_releases
InternLM/Tutorial,sem_actions
microsoft/ProcMon-Linux,menos_de_5_releases
datalab-to/marker,menos_de_5_releases
Tencent/sluaunreal,sem_actions
Robbyant/lingbot-world,sem_actions
amao2001/ganloss-latent-space,sem_actions
coreui/coreui-free-react-admin-template,menos_de_5_releases
nvie/gitflow,sem_actions
Farama-Foundation/Gymnasium-Robotics,menos_de_5_releases
newsnext/newsnow,menos_de_50_runs_validos
mumble-voip/mumble,menos_de_5_releases
spaceandtimefdn/blitzar,menos_de_5_releases
magic-wormhole/magic-wormhole,menos_de_5_releases
PromtEngineer/localGPT,menos_de_5_releases
antlr/antlr4,menos_de_5_releases
xtaci/kcp-go,menos_de_5_releases
komi-store/komi-store,menos_de_50_runs_validos
unicitynetwork/whitepaper,menos_de_5_releases
bottlerocket-os/bottlerocket,menos_de_50_runs_validos
m1k1o/neko,menos_de_5_releases
ATH-MaaS/Pixelle-Video,menos_de_50_runs_validos
Oneflow-Inc/oneflow,menos_de_5_releases
dotnet/Open-XML-SDK,menos_de_5_releases
impress/impress.js,menos_de_5_releases
Naereen/badges,sem_actions
Azure/aztfexport,menos_de_5_releases
kernc/backtesting.py,menos_de_5_releases
dotnet/dotnet-docker,menos_de_5_releases
draios/sysdig,menos_de_50_runs_validos
onokumus/metismenu,menos_de_5_releases
alufers/mitmproxy2swagger,menos_de_5_releases
dzhng/deep-research,sem_actions
basecamp/trix,menos_de_5_releases
dokuwiki/dokuwiki,menos_de_5_releases
JaidedAI/EasyOCR,sem_actions
keajs/kea,menos_de_5_releases
codepath/android_guides,sem_actions
troydhanson/uthash,menos_de_5_releases
antirez/iris.c,menos_de_5_releases
ReVanced/revanced-manager,menos_de_50_runs_validos
streamaserver/streama,sem_actions
kivy/python-for-android,menos_de_5_releases
tpaviot/pythonocc-core,sem_actions
charmbracelet/glow,menos_de_5_releases
numworks/epsilon,menos_de_5_releases
google-deepmind/alphageometry,menos_de_5_releases
Azure/azure-powershell,menos_de_50_runs_validos
ceres-solver/ceres-solver,menos_de_5_releases
trailofbits/publications,menos_de_5_releases
NixOS/nix,menos_de_5_releases
ChimeraOS/chimeraos,menos_de_5_releases
0xNyk/council-of-high-intelligence,menos_de_5_releases
snarktank/ralph,menos_de_5_releases
filiksyos/gitreverse,menos_de_5_releases
faruktoptas/FancyShowCaseView,menos_de_5_releases
apache/shardingsphere,menos_de_5_releases
googlemaps/google-maps-services-python,menos_de_5_releases
moonlight-stream/moonlight-qt,menos_de_5_releases
Finb/Bark,menos_de_5_releases
kellyjonbrazil/jc,menos_de_5_releases
SimplifyJobs/Summer2027-Internships,menos_de_5_releases
Nixtla/statsforecast,menos_de_5_releases
hynek/structlog,menos_de_5_releases
romkatv/powerlevel10k,sem_actions
sveinbjornt/Sloth,menos_de_5_releases
iDescriptor/iDescriptor,menos_de_50_runs_validos
ValveSoftware/GameNetworkingSockets,menos_de_5_releases
ronitsingh10/FineTune,menos_de_50_runs_validos
transact-rs/sqlx,menos_de_5_releases
huggingface/autotrain-advanced,menos_de_5_releases
tangshimin/MuJing,menos_de_5_releases
rakyll/hey,menos_de_5_releases
peers/peerjs-server,menos_de_5_releases
jazzband/tablib,menos_de_5_releases
ghostty-org/ghostty,menos_de_5_releases
mundimark/awesome-markdown,menos_de_5_releases
brightmart/nlp_chinese_corpus,sem_actions
sixthsurge/photon,sem_actions
hediet/vscode-drawio,menos_de_5_releases
rui314/mold,menos_de_5_releases
alandefreitas/matplotplusplus,menos_de_5_releases
libimobiledevice/idevicerestore,menos_de_5_releases
jsx-eslint/eslint-plugin-react,menos_de_5_releases
cpq/bare-metal-programming-guide,menos_de_5_releases
microsoft/IoT-For-Beginners,menos_de_5_releases
MetacoSA/NBitcoin,menos_de_5_releases
ory/dockertest,menos_de_5_releases
lobsters/lobsters,menos_de_5_releases
oracle/graal,menos_de_5_releases
lissy93/personal-security-checklist,menos_de_5_releases
OtterBrowser/otter-browser,sem_actions
kubernetes/client-go,menos_de_5_releases
andreafrancia/trash-cli,menos_de_5_releases
ExistentialAudio/BlackHole,sem_actions
antirez/ds4,menos_de_5_releases
motioneye-project/motioneye,menos_de_5_releases
cyanfish/naps2,menos_de_5_releases
